{"voxel_size": 0.006445670127868653, "block_size": 30, "grid_width": 449, "grid_height": 512, "grid_depth": 495, "atlas_width": 2048, "atlas_height": 2048, "atlas_depth": 32, "num_slices": 8, "min_x": -1.4073974609375002, "min_y": -1.7, "min_z": -1.533154296875, "atlas_blocks_x": 64, "atlas_blocks_y": 64, "atlas_blocks_z": 1, "input_height": 800.0, "input_width": 800.0, "input_focal": 1111.1110311937682, "worldspace_T_opengl": [[-1.0, 0.0, 0.0, 0.0], [0.0, 0.0, 1.0, 0.0], [0.0, 1.0, 0.0, 0.0], [0.0, 0.0, 0.0, 1.0]], "ndc": false, "0_weights": [[0.3894115686416626, 0.022775372490286827, -0.34442904591560364, 0.08394511044025421, -0.2793336808681488, 0.016494687646627426, -0.3121991455554962, 0.07499244809150696, 0.030591066926717758, 0.48946908116340637, 0.0707392618060112, -0.18856501579284668, -0.00597765576094389, -0.024854790419340134, 0.3574276268482208, 0.0010594570776447654], [-0.23592011630535126, 0.34989961981773376, 0.005966600030660629, 0.06795764714479446, -0.1737351417541504, -0.42255276441574097, -0.15852463245391846, 0.10953123867511749, 0.15287624299526215, -0.3392898738384247, -0.179917111992836, 0.030393512919545174, 0.20283018052577972, 0.10944768041372299, -0.038940779864788055, 0.3576319217681885], [0.23949040472507477, -0.11830703169107437, 0.023308461531996727, 0.26704099774360657, -0.1377716064453125, 0.20826995372772217, 0.279074102640152, -0.046004101634025574, -0.26613277196884155, 0.43371179699897766, 0.1442226767539978, 0.21651871502399445, -0.22021929919719696, -0.39824432134628296, 0.07363186776638031, -0.32883915305137634], [0.3269793391227722, -0.21436232328414917, -0.10325438529253006, 0.17468686401844025, -0.3118740916252136, 0.32127299904823303, 0.18002982437610626, 0.22541393339633942, 0.33439895510673523, 0.4491892457008362, -0.2639099657535553, -0.26799875497817993, -0.23954924941062927, 0.019913828000426292, -0.06572169810533524, 0.1631554514169693], [-0.17548364400863647, -0.1631695181131363, 0.2992154061794281, 0.34942081570625305, 0.2213381826877594, -0.40208086371421814, 0.17855693399906158, 0.16787877678871155, -0.222610741853714, 0.04307709261775017, 0.01766977086663246, -0.06329287588596344, -0.0873522013425827, -0.20553100109100342, 0.1398293823003769, -0.17988373339176178], [0.003216337878257036, -0.08768291026353836, 0.058494336903095245, -0.39231279492378235, -0.2794874906539917, -0.03831055015325546, -0.32560718059539795, -0.11068692803382874, 0.18747873604297638, -0.1385520100593567, -0.1162555068731308, 0.09584759920835495, 0.3074193596839905, -0.04886319860816002, -0.2097521275281906, -0.2740473747253418], [-0.1864769607782364, 0.06553149223327637, 0.21283212304115295, 0.3394192159175873, 0.1170714721083641, 0.30393683910369873, -0.3143788278102875, 0.12827739119529724, -0.023426182568073273, 0.05246966704726219, 0.1183435246348381, -0.2409059852361679, -0.09737499058246613, 0.035942401736974716, 0.09783792495727539, 0.32961514592170715], [-0.030568141490221024, 0.18592998385429382, 0.34394705295562744, -0.22089774906635284, 0.025233833119273186, 0.23314176499843597, -0.24936926364898682, -0.038993123918771744, -0.2872488796710968, -0.3348314166069031, -0.053326450288295746, 0.25287678837776184, 0.24492496252059937, 0.22815652191638947, -0.2502669394016266, 0.1124701276421547], [-0.37509891390800476, 0.06240878626704216, 0.16060014069080353, 0.17875507473945618, -0.014997557736933231, -0.015663331374526024, -0.09648627787828445, 0.08229589462280273, -0.2623189687728882, 0.25765568017959595, -0.048271652311086655, 0.20271414518356323, 0.10664393752813339, 0.18865631520748138, -0.04335811361670494, -0.09084314852952957], [-0.2896396815776825, -0.2788649797439575, -0.011337165720760822, -0.24796847999095917, 0.2968962788581848, 0.24200521409511566, -0.36575692892074585, 0.05631297826766968, 0.12503458559513092, 0.025779904797673225, -0.16713179647922516, 0.10395321995019913, 0.13759982585906982, -0.18972933292388916, 0.22897540032863617, -0.3113429844379425], [-0.3133983612060547, -0.26517483592033386, -0.2401278018951416, -0.2130289226770401, 0.29306864738464355, 0.197743222117424, -0.1665995866060257, -0.038924552500247955, 0.0195377916097641, 0.0032377499155700207, -0.23123538494110107, -0.12606759369373322, 0.00517941964790225, -0.12706302106380463, 0.002963295439258218, -0.14919963479042053], [-0.03844699636101723, 0.11510908603668213, -0.0943945124745369, -0.18719331920146942, -0.24989821016788483, -0.4643556773662567, -0.04863883554935455, 0.26121604442596436, -0.19930362701416016, 0.3052607774734497, 0.14755657315254211, 0.3679080307483673, 0.011689556762576103, 0.2242397665977478, 0.26755642890930176, 0.20717374980449677], [-0.2354394793510437, -0.26200199127197266, 0.24516497552394867, 0.25329768657684326, 0.17184147238731384, -0.0388190820813179, -0.09999880939722061, -0.05419164523482323, -0.15710750222206116, 0.07496768236160278, -0.08058036118745804, 0.14340521395206451, -0.010745853185653687, -0.17329776287078857, 0.22202545404434204, -0.1834840476512909], [-0.21520555019378662, 0.08691197633743286, 0.06595806032419205, 0.1947278082370758, 0.17709170281887054, -0.18436050415039062, 0.1013549417257309, -0.168659046292305, -0.029802685603499413, -0.10330197960138321, 0.1422620564699173, 0.0692000463604927, -0.03341933339834213, -0.005736211314797401, -0.12371667474508286, 0.03389604389667511], [-0.31791648268699646, -0.11604231595993042, -0.1622229963541031, -0.14905723929405212, 0.18208813667297363, -0.10128657519817352, 0.13572882115840912, 0.2984699010848999, -0.360942006111145, 0.047888558357954025, -0.0010700041893869638, -0.13475319743156433, -0.13854551315307617, 0.039261430501937866, 0.06427950412034988, -0.08888332545757294], [0.27595075964927673, 0.20065449178218842, 0.30388256907463074, -0.18378064036369324, -0.16400308907032013, 0.422768235206604, 0.2833612561225891, -0.20144863426685333, -0.17333339154720306, -0.13097357749938965, 0.21006815135478973, -0.14028386771678925, -0.21185235679149628, 0.41838833689689636, -0.32786351442337036, -0.16995632648468018], [-0.21958748996257782, -0.21711848676204681, 0.33986014127731323, -0.06645164638757706, 0.03996489197015762, 0.09346421808004379, 0.3298053443431854, -0.24899306893348694, -0.19290907680988312, -0.2667587697505951, 0.037033017724752426, 0.2520377039909363, -0.3207809329032898, 0.4342553913593292, 0.04641159623861313, 0.020604528486728668], [-0.18763069808483124, -0.28706178069114685, -0.2255912721157074, 0.39237701892852783, -0.13871441781520844, 0.3465547561645508, 0.06932013481855392, -0.21570634841918945, -0.22546182572841644, 0.2775001525878906, 0.32450616359710693, -0.0648067444562912, 0.21325992047786713, -0.03431471437215805, -0.0022253121715039015, -0.2456991821527481], [0.1208648756146431, 0.16564013063907623, -0.26969975233078003, 0.13163772225379944, 0.3039034903049469, 0.19403548538684845, -0.20432019233703613, -0.1189396008849144, -0.37026387453079224, 0.19051404297351837, -0.09641975164413452, -0.016925456002354622, 0.027012912556529045, -0.17912046611309052, -0.032202426344156265, 0.15865831077098846], [-0.10644761472940445, 0.15277764201164246, 0.3227836787700653, -0.16219249367713928, 0.2896418571472168, -0.058403681963682175, -0.09825552254915237, 0.11060309410095215, 0.11386802047491074, 0.14617283642292023, -0.21795761585235596, -0.1361670345067978, 0.08175543695688248, -0.14632761478424072, -0.3755059242248535, 0.43786168098449707], [-0.15852439403533936, 0.25235816836357117, -0.01911100000143051, 0.09848662465810776, 0.037354376167058945, -0.0774795413017273, 0.08123493194580078, -0.26041659712791443, -0.050870951265096664, 0.26091399788856506, 0.24369585514068604, 0.22199133038520813, -0.05512912571430206, -0.011162596754729748, 0.39232903718948364, 0.2102871537208557], [0.18154387176036835, -0.2380184531211853, 0.17353412508964539, -0.1790972501039505, 0.2906407117843628, -0.051763374358415604, -0.10849516838788986, 0.15984779596328735, 0.2405046969652176, -0.22335422039031982, 